Poco,Channel
1-BRSA-471-SE,TDEP
1-BRSA-471-SE,BS
1-BRSA-471-SE,CS
1-BRSA-471-SE,TENS
1-BRSA-471-SE,ETIM
1-BRSA-471-SE,CTEM
1-BRSA-471-SE,DCAL
1-BRSA-471-SE,FCD
1-BRSA-471-SE,HDAR
1-BRSA-471-SE,RT
1-BRSA-471-SE,RSP
1-BRSA-471-SE,RSPA
1-BRSA-471-SE,SP
1-BRSA-471-SE,SPAR
1-BRSA-471-SE,ITT
1-BRSA-471-SE,SPHI
1-BRSA-471-SE,PXND_HILT
1-BRSA-471-SE,RHGX_HILT
1-BRSA-471-SE,UMA_HILT
1-BRSA-471-SE,HPATT
1-BRSA-471-SE,HLRGB
1-BRSA-471-SE,HMRGB
1-BRSA-471-SE,PHIE_HILT
1-BRSA-471-SE,RMFA_HILT
1-BRSA-471-SE,RO_HILT
1-BRSA-471-SE,VCL_HILT
1-BRSA-471-SE,RWA_HILT
1-BRSA-471-SE,SW_HILT
1-BRSA-471-SE,HZOI
1-BRSA-471-SE,NCYT
1-BRSA-471-SE,QCBSL
1-BRSA-471-SE,BSD1
1-BRSA-471-SE,BPO1
1-BRSA-471-SE,BPO2
1-BRSA-471-SE,BSFF
1-BRSA-471-SE,BPHV
1-BRSA-471-SE,BCQR
1-BRSA-471-SE,BLEW
1-BRSA-471-SE,BOFC
1-BRSA-471-SE,BDTH
1-BRSA-471-SE,SSD1
1-BRSA-471-SE,SPO1
1-BRSA-471-SE,SPO2
1-BRSA-471-SE,SSFF
1-BRSA-471-SE,SPHV
1-BRSA-471-SE,SCQR
1-BRSA-471-SE,SLEW
1-BRSA-471-SE,SOFC
1-BRSA-471-SE,SDTH
1-BRSA-471-SE,LSD1
1-BRSA-471-SE,LPO1
1-BRSA-471-SE,LPO2
1-BRSA-471-SE,LSFF
1-BRSA-471-SE,LPHV
1-BRSA-471-SE,LCQR
1-BRSA-471-SE,LLEW
1-BRSA-471-SE,LOFC
1-BRSA-471-SE,LDTH
1-BRSA-471-SE,QCMCFL
1-BRSA-471-SE,RXVM
1-BRSA-471-SE,RXIB
1-BRSA-471-SE,RXIG
1-BRSA-471-SE,RXVB
1-BRSA-471-SE,RXPS
1-BRSA-471-SE,RDA0
1-BRSA-471-SE,RD1P
1-BRSA-471-SE,RD1Q
1-BRSA-471-SE,RBPHV
1-BRSA-471-SE,RSPHV
1-BRSA-471-SE,RLPHV
1-BRSA-471-SE,RHET
1-BRSA-471-SE,MP5V
1-BRSA-471-SE,MP12
1-BRSA-471-SE,MA5V
1-BRSA-471-SE,CTMP
1-BRSA-471-SE,MDIG
1-BRSA-471-SE,TREF
1-BRSA-471-SE,NSGD
1-BRSA-471-SE,ECGR
1-BRSA-471-SE,CFGR
1-BRSA-471-SE,RGR
1-BRSA-471-SE,GTHV
1-BRSA-471-SE,GCHV
1-BRSA-471-SE,GR
1-BRSA-471-SE,RTNR
1-BRSA-471-SE,NPHI
1-BRSA-471-SE,NPL
1-BRSA-471-SE,RGCN
1-BRSA-471-SE,DRTA
1-BRSA-471-SE,DNPH
1-BRSA-471-SE,QCPOR
1-BRSA-471-SE,TNPH
1-BRSA-471-SE,TALP
1-BRSA-471-SE,NTHV
1-BRSA-471-SE,NCHV
1-BRSA-471-SE,RCFT
1-BRSA-471-SE,RCNT
1-BRSA-471-SE,CFTC
1-BRSA-471-SE,TNRA
1-BRSA-471-SE,CNTC
1-BRSA-471-SE,NPOR
1-BRSA-471-SE,GDEV
1-BRSA-471-SE,HWER
1-BRSA-471-SE,ATEMP
1-BRSA-471-SE,TGST
1-BRSA-471-SE,HHVO
1-BRSA-471-SE,HP5V
1-BRSA-471-SE,HP15
1-BRSA-471-SE,HM15
1-BRSA-471-SE,HAGR
1-BRSA-471-SE,HDGR
1-BRSA-471-SE,HV
1-BRSA-471-SE,AHSCA
1-BRSA-471-SE,AHSFI
1-BRSA-471-SE,AHTCA
1-BRSA-471-SE,TIME
1-BRSA-471-SE,CVEL
1-BRSA-471-SE,BHPR
1-BRSA-471-SE,GTEM
1-BRSA-471-SE,HTEM
1-BRSA-471-SE,STIA
1-BRSA-471-SE,STIT
1-BRSA-471-SE,AREA
1-BRSA-471-SE,AFCD
1-BRSA-471-SE,ABS
1-BRSA-471-SE,IHV
1-BRSA-471-SE,ICV
1-BRSA-471-SE,SVEL
1-BRSA-471-SE,EBSZ
1-BRSA-471-SE,ESSZ
1-BRSA-471-SE,ELSZ
1-BRSA-471-SE,BDIG
1-BRSA-471-SE,SDIG
1-BRSA-471-SE,LDIG
1-BRSA-471-SE,RDIA
1-BRSA-471-SE,NDIA
1-BRSA-471-SE,HWEC
1-BRSA-471-SE,HDIG
1-BRSA-471-SE,DF
1-BRSA-471-SE,CDF
1-BRSA-471-SE,AHVCL
1-BRSA-471-SE,DT
1-BRSA-471-SE,TDEP
1-BRSA-471-SE,IDWD
1-BRSA-471-SE,SCD
1-BRSA-471-SE,HDRX
1-BRSA-471-SE,QCRXO
1-BRSA-471-SE,RXOI
1-BRSA-471-SE,RXV
1-BRSA-471-SE,RXI0
1-BRSA-471-SE,RVV
1-BRSA-471-SE,RVID
1-BRSA-471-SE,RVIS
1-BRSA-471-SE,HRCAL
1-BRSA-471-SE,HCAL
1-BRSA-471-SE,BWTO
1-BRSA-471-SE,SWTO
1-BRSA-471-SE,LHEW
1-BRSA-471-SE,TIME
1-BRSA-471-SE,SCDV
1-BRSA-471-SE,HMAS
1-BRSA-471-SE,FCBR
1-BRSA-471-SE,BIOM
1-BRSA-471-SE,SIOM
1-BRSA-471-SE,LIOM
1-BRSA-471-SE,RIOM
1-BRSA-471-SE,NIOM
1-BRSA-471-SE,HIOM
1-BRSA-471-SE,MIOM
1-BRSA-471-SE,TQCA
1-BRSA-471-SE,BSW
1-BRSA-471-SE,LSW
1-BRSA-471-SE,SSW
1-BRSA-471-SE,BSWU
1-BRSA-471-SE,SSWU
1-BRSA-471-SE,LSWU
1-BRSA-471-SE,LWTO
1-BRSA-471-SE,TDEP
1-BRSA-471-SE,TIME
1-BRSA-471-SE,AHDES
1-BRSA-471-SE,TDEP
1-BRSA-471-SE,AHIBT
1-BRSA-471-SE,AHIBD
1-BRSA-471-SE,AHIMR
1-BRSA-471-SE,AHIFF
1-BRSA-471-SE,AHIPO
1-BRSA-471-SE,AHCES
1-BRSA-471-SE,AHBFR
1-BRSA-471-SE,AHECEF
1-BRSA-471-SE,AECF
1-BRSA-471-SE,AEHF
1-BRSA-471-SE,AERS
1-BRSA-471-SE,AEMF
1-BRSA-471-SE,AECW
1-BRSA-471-SE,AHOCO60
1-BRSA-471-SE,AHOCO90
1-BRSA-471-SE,AHTCO60
1-BRSA-471-SE,AHTCO90
1-BRSA-471-SE,AHFCO60
1-BRSA-471-SE,AHFCO90
1-BRSA-471-SE,AECO10
1-BRSA-471-SE,AECO20
1-BRSA-471-SE,AECO30
1-BRSA-471-SE,AECO60
1-BRSA-471-SE,AECO90
1-BRSA-471-SE,AHO10
1-BRSA-471-SE,AHO20
1-BRSA-471-SE,AHO30
1-BRSA-471-SE,AHO60
1-BRSA-471-SE,AHO90
1-BRSA-471-SE,AHT10
1-BRSA-471-SE,AHT20
1-BRSA-471-SE,AHT30
1-BRSA-471-SE,AHT60
1-BRSA-471-SE,AHT90
1-BRSA-471-SE,AHF10
1-BRSA-471-SE,AHF20
1-BRSA-471-SE,AHF30
1-BRSA-471-SE,AHF60
1-BRSA-471-SE,AHF90
1-BRSA-471-SE,AE10
1-BRSA-471-SE,AE20
1-BRSA-471-SE,AE30
1-BRSA-471-SE,AE60
1-BRSA-471-SE,AE90
1-BRSA-471-SE,AHFOO
1-BRSA-471-SE,AHFD1
1-BRSA-471-SE,AHFD2
1-BRSA-471-SE,AHFRT
1-BRSA-471-SE,AHFRX
1-BRSA-471-SE,AHOOO
1-BRSA-471-SE,AHOD1
1-BRSA-471-SE,AHOD2
1-BRSA-471-SE,AHORT
1-BRSA-471-SE,AHORX
1-BRSA-471-SE,AHTOO
1-BRSA-471-SE,AHTD1
1-BRSA-471-SE,AHTD2
1-BRSA-471-SE,AHTRT
1-BRSA-471-SE,AHTRX
1-BRSA-471-SE,TIME
1-BRSA-471-SE,AHIBP
1-BRSA-471-SE,AHCBS
1-BRSA-471-SE,AHIBC
1-BRSA-471-SE,AHQAB
1-BRSA-471-SE,AHQABN
1-BRSA-471-SE,AHOCO
1-BRSA-471-SE,AHOCB
1-BRSA-471-SE,AHTCO
1-BRSA-471-SE,AHTCB
1-BRSA-471-SE,AHFCO
1-BRSA-471-SE,AHFCB
1-BRSA-471-SE,U-AITH_AEFL
1-BRSA-471-SE,U-AITH_AEMF
1-BRSA-471-SE,U-AITH_AERS
1-BRSA-471-SE,AHFVM
1-BRSA-471-SE,AHOVM
1-BRSA-471-SE,AHTVM
1-BRSA-471-SE,AHIECAK
1-BRSA-471-SE,AHIFC
1-BRSA-471-SE,AHISE
1-BRSA-471-SE,AHIDC
1-BRSA-471-SE,AHIEC
1-BRSA-471-SE,TDEP
1-BRSA-471-SE,AHMF
1-BRSA-471-SE,TIME
1-BRSA-471-SE,AHDSP
1-BRSA-471-SE,AHDVO
1-BRSA-471-SE,AHMC
1-BRSA-471-SE,AHDTE
1-BRSA-471-SE,TDEP
1-BRSA-471-SE,TIME
1-BRSA-471-SE,AHDTD
1-BRSA-471-SE,AHDTR
1-BRSA-471-SE,TDEP
1-BRSA-471-SE,AMF1
1-BRSA-471-SE,DGA1
1-BRSA-471-SE,HTH1
1-BRSA-471-SE,NAM1
1-BRSA-471-SE,SOT1
1-BRSA-471-SE,SNR1
1-BRSA-471-SE,TT1
1-BRSA-471-SE,TLO1
1-BRSA-471-SE,THI1
1-BRSA-471-SE,AMF2
1-BRSA-471-SE,DGA2
1-BRSA-471-SE,HTH2
1-BRSA-471-SE,NAM2
1-BRSA-471-SE,SOT2
1-BRSA-471-SE,SNR2
1-BRSA-471-SE,TT2
1-BRSA-471-SE,TLO2
1-BRSA-471-SE,THI2
1-BRSA-471-SE,AMF3
1-BRSA-471-SE,DGA3
1-BRSA-471-SE,HTH3
1-BRSA-471-SE,NAM3
1-BRSA-471-SE,SOT3
1-BRSA-471-SE,SNR3
1-BRSA-471-SE,TT3
1-BRSA-471-SE,TLO3
1-BRSA-471-SE,THI3
1-BRSA-471-SE,AMF4
1-BRSA-471-SE,DGA4
1-BRSA-471-SE,HTH4
1-BRSA-471-SE,NAM4
1-BRSA-471-SE,SOT4
1-BRSA-471-SE,SNR4
1-BRSA-471-SE,TT4
1-BRSA-471-SE,TLO4
1-BRSA-471-SE,THI4
1-BRSA-471-SE,WF1N
1-BRSA-471-SE,WF2N
1-BRSA-471-SE,WF3N
1-BRSA-471-SE,WF4N
1-BRSA-471-SE,RAF2
1-BRSA-471-SE,RAF4
1-BRSA-471-SE,WDE3
1-BRSA-471-SE,WDE4
1-BRSA-471-SE,WDE1
1-BRSA-471-SE,WDE2
1-BRSA-471-SE,DSOZ
1-BRSA-471-SE,EROZ
1-BRSA-471-SE,EPEZ
1-BRSA-471-SE,EHMZ
1-BRSA-471-SE,GREZ
1-BRSA-471-SE,HDRA
1-BRSA-471-SE,HPRA
1-BRSA-471-SE,HDRB
1-BRSA-471-SE,PEA
1-BRSA-471-SE,PEFBA
1-BRSA-471-SE,PEFSA
1-BRSA-471-SE,PEFLA
1-BRSA-471-SE,PEFZ
1-BRSA-471-SE,PEMZ
1-BRSA-471-SE,QCRH
1-BRSA-471-SE,QCPEF
1-BRSA-471-SE,RHBA
1-BRSA-471-SE,RHSA
1-BRSA-471-SE,RHLA
1-BRSA-471-SE,RHOZ
1-BRSA-471-SE,ROMZ
1-BRSA-471-SE,TITER
1-BRSA-471-SE,UZ
1-BRSA-471-SE,DPHZ
1-BRSA-471-SE,HMIN
1-BRSA-471-SE,HMNO
1-BRSA-471-SE,RXOZ
1-BRSA-471-SE,RSOZ
1-BRSA-471-SE,RXO8
1-BRSA-471-SE,RSO8
1-BRSA-471-SE,RMCZ
1-BRSA-471-SE,EHGR
1-BRSA-471-SE,RHGR
1-BRSA-471-SE,HGR
1-BRSA-471-SE,RGHN
1-BRSA-471-SE,HDRT
1-BRSA-471-SE,HTNP
1-BRSA-471-SE,HTAL
1-BRSA-471-SE,RHFT
1-BRSA-471-SE,RHNT
1-BRSA-471-SE,HCFT
1-BRSA-471-SE,HCNT
1-BRSA-471-SE,HNPO
1-BRSA-471-SE,TIME
1-BRSA-471-SE,DST1
1-BRSA-471-SE,DST2
1-BRSA-471-SE,DST3
1-BRSA-471-SE,DST4
1-BRSA-471-SE,SAST
1-BRSA-471-SE,DSTT
1-BRSA-471-SE,WF1
1-BRSA-471-SE,WF2
1-BRSA-471-SE,WF3
1-BRSA-471-SE,WF4
1-BRSA-471-SE,WF3R
1-BRSA-471-SE,WF4R
1-BRSA-471-SE,WF1R
1-BRSA-471-SE,WF2R
1-BRSA-471-SE,HAZ
1-BRSA-471-SE,TDEP
1-BRSA-471-SE,TIME
1-BRSA-471-SE,AZSN
1-BRSA-471-SE,AZS1
1-BRSA-471-SE,AZS2
1-BRSA-471-SE,TDEP
1-BRSA-471-SE,TIME
1-BRSA-471-SE,HAZ01
1-BRSA-471-SE,RXRU
1-BRSA-471-SE,RVDRU
1-BRSA-471-SE,RVSRU
1-BRSA-471-SE,RXGR
